setName,series,releaseDate,boosterPrice,numberOfChases,numberOfHits,chaseRatioOutOfHits,numberOfCards,yt_videoCount,yt_totalViews,yt_totalLikes,yt_totalComments,yt_averageViews,yt_averageLikes,yt_averageComments,yt_weightedViews30,yt_weightedViews90,yt_weightedViews180,yt_weightedEngagement30,yt_weightedEngagement90,yt_weightedEngagement180,yt_youtubeSentiment,yt_positiveVideoCount,yt_neutralVideoCount,yt_negativeVideoCount,yt_positiveVideoRatio,yt_neutralVideoRatio,yt_negativeVideoRatio,yt_youtubeIndex,youtube_key_matched,rd_postCount,rd_processedPostCount,rd_weightedPostCount,rd_weightedUpvotes,rd_weightedComments,rd_weightedEngagement,rd_redditSentiment,rd_positivePostCount,rd_neutralPostCount,rd_negativePostCount,rd_positivePostRatio,rd_neutralPostRatio,rd_negativePostRatio,rd_redditIndex,reddit_key_matched
Sword & Shield,Sword & Shield Series,2020-02-07,10.81,0,51,0.0,216,234,2941539,72798,9969,12570.679487179486,311.1025641025641,42.6025641025641,37.4418,696.5129,1766.4011,0.192,3.7109,9.0212,0.629771,82,150,2,0.3504,0.641,0.0085,28.5987,Sword & Shield,14,14,0.7082,3.5451,5.2863,4.0579,0.621324,4,10,0,0.2857,0.7143,0.0,17.4514,Sword & Shield
Rebel Clash,Sword & Shield Series,2020-05-01,9.66,2,42,0.047619047619047616,209,250,4638981,114641,15655,18555.924,458.564,62.62,0.0,1.375,795.3982,0.0,0.0195,1.2417,0.498907,45,204,1,0.18,0.816,0.004,0.0,Rebel Clash,14,14,0.4266,0.1026,4.3799,2.0705,-2.1e-05,1,8,5,0.0714,0.5714,0.3571,7.4346,Rebel Clash
Darkness Ablaze,Sword & Shield Series,2020-08-14,10.0,1,46,0.021739130434782608,201,500,10029524,353474,32788,20059.048,706.948,65.576,3590.1727,5322.6064,9076.0532,10.5034,16.7133,26.0867,0.05631,99,390,11,0.198,0.78,0.022,45.0597,Darkness Ablaze,14,14,0.4975,109.9329,7.0352,4.8143,-0.012347,3,8,3,0.2143,0.5714,0.2143,36.3659,Darkness Ablaze
Evolving Skies,Sword & Shield Series,2021-08-27,43.92,9,105,0.08571428571428572,237,400,245052066,3828808,292401,612630.165,9572.02,731.0025,2013204.5001,9743610.4979,25091743.9649,246.6213,596.1455,1058.8569,0.139063,129,251,20,0.3225,0.6275,0.05,88.3042,Evolving Skies,14,14,1.7763,552.7881,87.7983,16.0278,0.059245,5,6,3,0.3571,0.4286,0.2143,62.8207,Evolving Skies
Champion's Path,Sword & Shield Series,2020-09-25,18.83,0,26,0.0,80,512,79892194,1694247,99793,156039.44140625,3309.076171875,194.908203125,472258.3256,2568142.1675,6594554.5865,223.3615,458.6276,652.9641,0.195014,147,356,9,0.2871,0.6953,0.0176,82.907,Champion's Path,14,14,0.0414,0.7876,0.2382,0.2728,-1.7e-05,3,7,4,0.2143,0.5,0.2857,0.0,Champion's Path
Vivid Voltage,Sword & Shield Series,2020-11-13,9.9,1,55,0.01818181818181818,203,505,15665261,490886,50468,31020.31881188119,972.0514851485149,99.93663366336634,5103.765,6211.299,15188.2952,27.6212,32.5363,43.8345,0.3479,141,354,10,0.2792,0.701,0.0198,48.2713,Vivid Voltage,14,14,1.0897,929.5821,1358.5467,18.0004,-0.016313,3,10,1,0.2143,0.7143,0.0714,79.7617,Vivid Voltage
Shining Fates,Sword & Shield Series,2021-02-19,15.28,0,42,0.0,73,516,72008472,1455683,118401,139551.3023255814,2821.0910852713178,229.4593023255814,637692.2674,3333552.6345,8291658.8685,236.4232,342.2902,462.3146,0.323308,209,306,1,0.405,0.593,0.0019,82.8141,Shining Fates,14,14,0.1116,0.0272,1.3903,0.5522,-0.403875,3,8,3,0.2143,0.5714,0.2143,0.9659,Shining Fates
Battle Styles,Sword & Shield Series,2021-03-19,9.18,2,60,0.03333333333333333,183,526,32839310,735178,74893,62432.14828897338,1397.6768060836503,142.38212927756655,234941.6883,384744.9394,744733.8586,263.0424,342.8238,408.9036,0.103195,115,402,9,0.2186,0.7643,0.0171,74.2571,Battle Styles,14,14,1.1247,5.3247,1.4867,1.9724,0.045974,4,7,3,0.2857,0.5,0.2143,15.2859,Battle Styles
Chilling Reign,Sword & Shield Series,2021-06-18,11.75,3,82,0.036585365853658534,233,513,11047864,357530,34131,21535.797270955165,696.9395711500974,66.53216374269006,4518.0893,35167.5633,103637.8873,74.2297,89.8632,114.7706,0.240537,192,312,9,0.3743,0.6082,0.0175,59.2592,Chilling Reign,14,14,0.1846,0.607,1.1377,0.7875,0.156659,5,7,2,0.3571,0.5,0.1429,3.2494,Chilling Reign
Fusion Strike,Sword & Shield Series,2021-11-12,19.24,3,67,0.04477611940298507,284,500,98265236,1424553,103823,196530.472,2849.106,207.646,244487.1924,2104706.6914,6935912.9233,124.2032,275.505,448.2826,0.214618,96,390,14,0.192,0.78,0.028,79.9825,Fusion Strike,14,14,0.4883,3.6292,2.6199,1.9504,-0.03954,2,10,2,0.1429,0.7143,0.1429,13.6133,Fusion Strike
Brilliant Stars,Sword & Shield Series,2022-02-25,16.98,1,28,0.03571428571428571,186,400,142332764,1896912,145537,355831.91,4742.28,363.8425,698312.4249,5156103.8945,12147356.3698,58.7614,197.3971,360.3456,0.165396,258,136,6,0.645,0.34,0.015,81.3486,Brilliant Stars,14,14,1.4884,23.8773,3.7253,7.0218,0.658398,8,5,1,0.5714,0.3571,0.0714,27.688,Brilliant Stars
Astral Radiance,Sword & Shield Series,2022-05-27,10.02,1,106,0.009433962264150943,216,505,15632327,429761,56841,30955.10297029703,851.0118811881188,112.55643564356436,9463.0155,25776.3343,115066.4036,58.6859,107.7323,167.2468,0.057632,150,341,14,0.297,0.6752,0.0277,58.6718,Astral Radiance,14,14,0.1574,10.5009,1.4362,1.004,0.773881,7,6,1,0.5,0.4286,0.0714,15.1144,Astral Radiance
Lost Origin,Sword & Shield Series,2022-09-09,18.08,2,68,0.029411764705882353,217,520,79675386,1302936,69195,153221.89615384614,2505.646153846154,133.06730769230768,1194737.5576,2276818.4897,3934061.0168,131.7386,203.286,311.7073,0.225019,87,407,26,0.1673,0.7827,0.05,79.2424,Lost Origin,14,14,1.0144,30.8742,6.6825,5.2409,-0.292055,1,10,3,0.0714,0.7143,0.2143,30.6751,Lost Origin
Silver Tempest,Sword & Shield Series,2022-11-11,14.41,1,115,0.008695652173913044,215,527,16526123,505576,57049,31358.86717267552,959.3472485768501,108.25237191650854,52787.4527,197318.733,448320.2543,293.3994,435.3133,588.1482,0.061533,126,388,13,0.2391,0.7362,0.0247,72.546,Silver Tempest,14,14,0.2048,44.9545,2.5707,1.8757,0.245446,3,9,2,0.2143,0.6429,0.1429,25.4482,Silver Tempest
Crown Zenith,Sword & Shield Series,2023-01-20,25.28,0,83,0.0,160,400,90729106,1772702,116712,226822.765,4431.755,291.78,864259.8951,7283471.9604,17192925.4068,181.6147,441.4629,793.6725,0.2468,113,279,8,0.2825,0.6975,0.02,85.9402,Crown Zenith,14,14,3.1672,746.455,79.8713,28.4559,0.321631,4,10,0,0.2857,0.7143,0.0,66.3222,Crown Zenith
Scarlet & Violet,Scarlet & Violet Series,2023-03-31,8.49,0,72,0.0,244,550,343724404,6607691,532599,624953.4618181818,12013.983636363637,968.3618181818182,8314492.859,25368479.7248,55111800.1047,1013.5554,1737.0798,2727.7226,0.12556,105,426,19,0.1909,0.7745,0.0345,97.6796,Scarlet & Violet,14,14,1.0236,455.0051,116.5982,13.3947,0.084399,2,11,1,0.1429,0.7857,0.0714,61.5081,Scarlet & Violet
Paldea Evolved,Scarlet & Violet Series,2023-06-09,16.03,2,86,0.023255813953488372,279,519,52870184,631240,52349,101869.33333333333,1216.26204238921,100.86512524084779,285370.1608,1634003.6211,4138058.3814,195.5044,280.452,507.8546,0.125032,174,330,15,0.3353,0.6358,0.0289,79.1895,Paldea Evolved,14,14,0.0962,27.1373,3.2113,1.1302,0.269021,5,9,0,0.3571,0.6429,0.0,23.0472,Paldea Evolved
Obsidian Flames,Scarlet & Violet Series,2023-08-11,11.89,2,54,0.037037037037037035,230,519,39424471,489724,56278,75962.37186897881,943.5915221579961,108.4354527938343,334824.4812,1546767.6583,2836178.3143,218.9382,296.5796,498.7579,0.169759,125,376,18,0.2408,0.7245,0.0347,79.1929,Obsidian Flames,14,14,1.4558,68.939,13.307,7.9984,0.075099,2,11,1,0.1429,0.7857,0.0714,39.8546,Obsidian Flames
Paradox Rift,Scarlet & Violet Series,2023-11-03,8.41,3,104,0.028846153846153848,266,534,7698214,163185,31921,14416.131086142323,305.58988764044943,59.77715355805243,51646.4152,188814.4784,518406.1464,187.7928,286.0756,518.1704,0.167011,127,401,6,0.2378,0.7509,0.0112,70.7474,Paradox Rift,14,14,1.4781,82.9009,15.9144,8.5167,-0.069377,3,9,2,0.2143,0.6429,0.1429,41.9038,Paradox Rift
Paldean Fates,Scarlet & Violet Series,2024-01-26,23.43,4,34,0.11764705882352941,245,530,38711252,754864,82113,73040.09811320755,1424.2716981132075,154.93018867924528,1665023.8481,4489357.5068,8688086.0916,248.5852,461.8593,951.8015,0.10018,149,364,17,0.2811,0.6868,0.0321,85.3079,Paldean Fates,14,14,3.0643,122.8866,24.065,16.8346,0.010071,3,11,0,0.2143,0.7857,0.0,49.2084,Paldean Fates
Temporal Forces,Scarlet & Violet Series,2024-03-22,11.49,6,56,0.10714285714285714,218,504,7831029,173049,32251,15537.755952380952,343.3511904761905,63.99007936507937,33261.0957,162233.4985,521357.4607,42.4387,97.8512,364.9436,0.112848,126,364,14,0.25,0.7222,0.0278,65.6434,Temporal Forces,14,14,2.7982,433.0494,85.4802,30.4289,0.301055,4,9,1,0.2857,0.6429,0.0714,63.0684,Temporal Forces
Twilight Masquerade,Scarlet & Violet Series,2024-05-24,8.79,7,79,0.08860759493670886,226,521,5097952,117482,16569,9784.936660268713,225.4932821497121,31.802303262955853,21061.142,187549.7327,634350.3618,216.717,340.065,737.7555,0.111553,112,399,10,0.215,0.7658,0.0192,71.3116,Twilight Masquerade,14,14,1.2773,45.8772,11.6438,5.3703,0.017154,4,9,1,0.2857,0.6429,0.0714,36.4296,Twilight Masquerade
Shrouded Fable,Scarlet & Violet Series,2024-08-02,14.73,9,35,0.2571428571428571,107,503,3811139,129535,19892,7576.817097415507,257.5248508946322,39.54671968190855,40393.1185,303585.0587,760172.1141,89.3256,185.687,554.6491,0.079555,121,367,15,0.2406,0.7296,0.0298,70.6869,Shrouded Fable,14,14,0.3706,95.439,17.2798,3.3266,-0.243792,3,6,5,0.2143,0.4286,0.3571,39.7582,Shrouded Fable
Stellar Crown,Scarlet & Violet Series,2024-09-13,10.37,4,33,0.12121212121212122,175,516,25575283,456764,35515,49564.501937984496,885.2015503875969,68.82751937984496,47198.6226,800907.4629,3983665.02,177.8372,261.4478,691.3852,0.072449,129,377,10,0.25,0.7306,0.0194,76.0334,Stellar Crown,14,14,0.8523,16.1168,17.8198,5.1661,0.006152,1,13,0,0.0714,0.9286,0.0,31.7632,Stellar Crown
Surging Sparks,Scarlet & Violet Series,2024-11-08,8.08,7,87,0.08045977011494253,252,540,24346603,484357,73041,45086.30185185185,896.9574074074075,135.26111111111112,58834.2344,728799.3174,3697306.4155,410.1149,600.6611,1229.4532,0.225289,149,377,14,0.2759,0.6981,0.0259,79.1572,Surging Sparks,14,14,2.1209,27.7385,10.981,7.7218,0.450678,3,10,1,0.2143,0.7143,0.0714,35.1261,Surging Sparks
Prismatic Evolutions,Scarlet & Violet Series,2025-01-17,14.77,17,55,0.3090909090909091,180,571,81808908,1407726,187830,143273.04378283714,2465.369527145359,328.9492119089317,948305.2801,4969021.4325,12484174.9442,887.4687,1552.7239,2673.5892,0.099265,156,387,28,0.2732,0.6778,0.049,90.8573,Prismatic Evolutions,14,14,3.1319,2993.2227,385.3633,44.5559,-0.098656,3,10,1,0.2143,0.7143,0.0714,83.1472,Prismatic Evolutions
Journey Together,Scarlet & Violet Series,2025-03-28,6.27,8,31,0.25806451612903225,190,596,229148512,3840501,260385,384477.36912751675,6443.793624161074,436.88758389261744,3728222.0582,13678691.668,31551749.2582,1222.046,2128.6377,3425.8739,0.116832,103,473,20,0.1728,0.7936,0.0336,96.3419,Journey Together,14,14,3.1109,278.1512,95.8728,21.1014,-0.318445,2,6,6,0.1429,0.4286,0.4286,61.6461,Journey Together
Destined Rivals,Scarlet & Violet Series,2025-05-30,8.49,9,62,0.14516129032258066,244,571,23700782,569550,69208,41507.49912434326,997.460595446585,121.20490367775832,835540.0407,2028212.4869,5141131.1465,1059.6684,1713.2737,2809.6696,0.131244,148,396,27,0.2592,0.6935,0.0473,87.6652,Destined Rivals,14,14,3.9815,506.3605,159.9117,37.1003,0.022259,2,12,0,0.1429,0.8571,0.0,69.0606,Destined Rivals
White Flare,Scarlet & Violet Series,2025-07-18,14.37,7,87,0.08045977011494253,173,350,56799838,1031606,95680,162285.25142857144,2947.445714285714,273.37142857142857,517476.6401,3812799.8251,11255897.779,154.0074,589.0614,1428.6273,0.157202,78,265,7,0.2229,0.7571,0.02,83.9693,White Flare,14,14,5.1805,532.3565,116.6376,36.6178,0.292735,5,9,0,0.3571,0.6429,0.0,68.7884,White Flare
Black Bolt,Scarlet & Violet Series,2025-07-18,14.99,6,86,0.06976744186046512,172,280,31419953,592136,71029,112214.11785714286,2114.7714285714287,253.675,792984.7117,3414830.604,8503426.3942,315.7512,694.1802,1342.478,0.124625,58,217,5,0.2071,0.775,0.0179,83.2942,Black Bolt,14,14,2.0907,595.4154,127.0635,19.9,0.015535,3,10,1,0.2143,0.7143,0.0714,65.9511,Black Bolt
Mega Evolution,Mega Evolution Series,2025-09-26,8.44,9,56,0.16071428571428573,188,350,170198848,2714179,212887,486282.42285714287,7754.797142857143,608.2485714285714,3564846.9263,14128043.9989,28965870.0595,522.5654,1486.2765,2699.2627,0.102725,94,232,24,0.2686,0.6629,0.0686,92.9095,Mega Evolution,14,14,2.9141,284.9275,67.0437,19.791,0.178333,6,7,1,0.4286,0.5,0.0714,59.4834,Mega Evolution
Phantasmal Flames,Mega Evolution Series,2025-11-14,10.94,2,36,0.05555555555555555,130,565,19243390,516136,77706,34059.097345132745,913.5150442477876,137.53274336283187,567065.9641,3615228.6817,7765284.6774,770.6744,1825.8714,3387.6545,0.135273,140,405,20,0.2478,0.7168,0.0354,90.1904,Phantasmal Flames,14,14,2.6852,1028.1219,353.1608,35.4675,0.056772,3,9,2,0.2143,0.6429,0.1429,75.8904,Phantasmal Flames
Ascended Heroes,Mega Evolution Series,2026-01-30,13.31,14,71,0.19718309859154928,295,572,40062205,1098515,94993,70038.81993006993,1920.4807692307693,166.07167832167832,3173523.5468,11904207.355,20291307.3549,1531.3336,3677.0781,5477.0138,0.150877,159,375,38,0.278,0.6556,0.0664,97.8083,Ascended Heroes,14,14,6.4595,4491.9233,787.8089,72.1173,0.293941,4,10,0,0.2857,0.7143,0.0,92.9244,Ascended Heroes
Perfect Order,Mega Evolution Series,2026-03-27,5.64,6,36,0.16666666666666666,124,500,114887343,1544911,133246,229774.686,3089.822,266.492,2142835.1055,9424108.216,18609450.6774,968.0572,2896.6058,4480.7609,0.421905,285,193,22,0.57,0.386,0.044,95.3818,Perfect Order,14,14,7.7488,1703.4394,506.9009,80.0213,-0.020976,7,2,5,0.5,0.1429,0.3571,85.7782,Perfect Order
Chaos Rising,Mega Evolution Series,2026-05-22,0.0,5,36,0.1388888888888889,122,547,15610833,351723,62863,28539.0,643.0036563071297,114.92321755027422,2000123.6592,6902843.1673,10160719.9203,1359.5981,3768.599,5113.7314,0.168626,139,394,14,0.2541,0.7203,0.0256,95.5475,Chaos Rising,14,14,8.0917,732.8484,384.8818,70.5221,0.031452,4,7,3,0.2857,0.5,0.2143,79.61,Chaos Rising
Pitch Black,Mega Evolution Series,2026-07-17,6.03,8,36,0.2222222222222222,120,591,8491886,211064,39834,14368.673434856177,357.13028764805415,67.4010152284264,2828819.8185,4873292.8191,5921754.2369,3633.4718,5582.623,6309.4979,0.146288,128,442,21,0.2166,0.7479,0.0355,96.0354,Pitch Black,14,14,11.5219,7161.2613,1015.3233,140.9011,-0.197791,1,8,5,0.0714,0.5714,0.3571,100.0,Pitch Black
